"payment_type","total_payment_value","avg_payment_value","avg_installments"
credit_card,12542084.19,163.31902063936454,3.507155413763917
boleto,2869361.27,145.03443540234534,1.0
voucher,379436.87,65.70335411255411,1.0
debit_card,217989.79,142.57017004578157,1.0
not_defined,0.0,0.0,1.0
